title:Sylvester Stallone/Jamiroquai
url:http://www.imdb.com/title/tt0694728/
<title> ""Saturday Night Live" Sylvester Stallone/Jamiroquai" .
<director> "Beth McCarthy-Miller" "3 September 1963" "Elizabeth, New Jersey, USA" .
<writer> "Tina Fey" "18 May 1970" "Upper Darby, Pennsylvania, USA" .
<writer> "Ross Abrash" " " "" .
<actor> "Jim Breuer" "21 June 1967" "Valley Stream, Long Island, New York, USA" .
<actor> "Will Ferrell" "16 July 1967" "Irvine, California, USA" .
<actor> "Ana Gasteyer" "4 May 1967" "Washington, District of Columbia, USA" .
<actor> "Darrell Hammond" "8 October 1955" "Melbourne, Florida, USA" .
<actor> "Jack Handey" "25 February 1949" "San Antonio, Texas, USA" .
<actor> "Chris Kattan (I)" "19 October 1970" "Los Angeles, California, USA" .
<actor> "Jay Kay (I)" "30 December 1969" "Stretford, Manchester, England, UK" .
<actor> "Norm MacDonald (I)" "17 October 1963" "Québec City, Québec, Canada" .
<actor> "Tim Meadows" "5 February 1961" "Highland Park, Michigan, USA" .
<actor> "Tracy Morgan (II)" "10 November 1968" "The Bronx, New York, USA" .
<actor> "Cheri Oteri" "19 September 1962" "Philadelphia, Pennsylvania, USA" .
<actor> "Don Pardo" "22 February 1918" "Westfield, Massachusetts, USA" .
<actor> "Lenny Pickett (II)" " " "" .
<actor> "Colin Quinn (I)" "6 June 1959" "Brooklyn, New York, USA" .
<actor> "Molly Shannon" "16 September 1964" "Shaker Heights, Ohio, USA" .
<actor> "Sylvester Stallone" "6 July 1946" "New York City, New York, USA" .
